Base	G	A	T	C	sample
1	4.619763358008867	28.151021064989102	57.4725948807137	9.75662069628833	cc1
2	30.252619311363425	32.77419689836611	17.769558294101355	19.203625496169114	cc1
3	17.83301467811482	28.914587456250928	19.697974546686975	33.55442331894727	cc1
4	29.621472852933074	36.79960193973715	14.665278034330854	18.91364717299892	cc1
5	25.648972551832188	34.42654857018274	30.55419261031963	9.370286267665442	cc1
6	27.848604204998306	15.238817801267812	41.0080846028411	15.904493390892776	cc1
7	18.50467994038328	28.586976737540077	17.705300075984358	35.20304324609229	cc1
8	23.132131887825242	38.246692652379515	18.378373519924057	20.242801939871182	cc1
9	14.47698911592172	37.60443111380859	36.76906286626007	11.149516904009626	cc1
10	25.77671190051174	24.85601380672634	21.14961024253151	28.21766405023041	cc1
11	36.279532252289876	7.456093196469225	21.216356535309526	35.04801801593137	cc1
12	17.480943387312184	17.35535123512201	31.530624826430703	33.6330805511351	cc1
13	21.121655920456302	19.555172112598868	39.01050668015042	20.31266528679441	cc1
14	32.20442577028876	30.260890046920085	26.813058434212607	10.721625748578552	cc1
15	44.167737229945466	22.680523708875327	21.96365932321345	11.188079737965758	cc1
16	16.836194094268315	15.078018343075112	31.463633658489478	36.62215390416711	cc1
17	25.626681533221817	28.467386609867702	34.098359408957634	11.807572447952845	cc1
18	35.975190880408476	17.616312007983673	25.848964469339425	20.559532642268426	cc1
19	30.339415353764675	17.365734439031904	32.1850724878872	20.10977771931622	cc1
20	50.587962268776174	16.351126106928362	25.14596553270996	7.914946091585509	cc1
21	18.282575823999604	22.31523186176805	31.12020147462429	28.28199083960805	cc1
22	32.25958245790137	9.966415899192668	48.101077833830466	9.672923809075497	cc1
23	12.323135187757476	24.903578650773863	39.91812198992453	22.855164171544125	cc1
24	13.948585977496098	19.494009699884806	51.90354448026855	14.653859842350547	cc1
25	18.799470154911834	21.074912897125678	25.16764168783392	34.95797526012856	cc1
26	13.200880491905812	21.09566008463769	27.337080568258433	38.36637885519807	cc1
27	12.912430149370602	24.334713538268062	27.33517624307426	35.41768006928708	cc1
28	10.964836520666257	37.47439851943245	16.768661320172733	34.79210363972856	cc1
