Base	G	A	T	C	sample
1	6.023922507203149	28.727647815654024	54.26208986047144	10.986339816671393	ct4
2	23.249340177428774	32.7620325715802	24.86697912430017	19.12164812669085	ct4
3	15.84435468603827	22.1553717089672	17.397715567187603	44.60255803780693	ct4
4	24.003309088279863	44.33258762690199	14.868561374023843	16.795541910794313	ct4
5	23.205147314933942	32.86678602442715	32.22186727709723	11.706199383541676	ct4
6	32.56178053574063	14.133440707218526	37.15752507288187	16.14725368415898	ct4
7	18.216559883788136	23.425216703720995	24.835573504419273	33.5226499080716	ct4
8	21.20751410471932	41.76601079254914	20.242223695560035	16.784251407171507	ct4
9	16.037441286915293	40.48047481957403	31.880495021265503	11.601588872245179	ct4
10	24.102433581213294	21.40392787631044	26.473782560821107	28.01985598165515	ct4
11	35.7503919448709	7.355776337904757	20.050783590400762	36.84304812682358	ct4
12	17.658823877965837	13.596749431674008	28.1500242466313	40.59440244372885	ct4
13	19.791363167045475	25.344941870835886	39.302833802507294	15.560861159611353	ct4
14	39.59642732907203	28.719943359945276	21.050463009727487	10.633166301255212	ct4
15	45.33997635083313	19.154765694059748	24.90908920612532	10.596168748981798	ct4
16	14.517648023217847	20.874325848414387	27.69036238588373	36.91766374248404	ct4
17	28.2548770713824	20.640331921620543	37.91961664698435	13.185174360012706	ct4
18	35.055789744970276	21.972694251401204	22.435716281508718	20.535799722119798	ct4
19	34.515022617505025	13.909064660535753	36.39856587195651	15.177346850002712	ct4
20	57.31569585539079	14.655385699548734	18.469767659057815	9.559150786002657	ct4
21	16.37974265401037	24.029963909978978	26.253696630078405	33.336596805932246	ct4
22	35.42492485104659	10.896718390811174	42.899061825247074	10.77929493289516	ct4
23	15.16963160794691	26.846317892709955	38.22890820672817	19.755142292614963	ct4
24	19.295912400449176	19.41303609100114	41.89819726113408	19.392854247415602	ct4
25	22.660970377063137	18.403625993225432	22.013630938437682	36.921772691273745	ct4
26	14.606764686219151	17.891911072712404	26.915778268046964	40.58554597302148	ct4
27	16.583844232986834	17.300624694082416	27.22521341640465	38.8903176565261	ct4
28	15.00726392251816	29.423728813559325	20.048426150121067	35.520581113801455	ct4
