Base	G	A	T	C	sample
1	4.765982849714627	22.332528077036805	63.01340668046574	9.88808239278282	ct1
2	32.04678449809761	27.52430511528303	15.712514955453399	24.716395431165964	ct1
3	20.769807375662445	32.38199641102833	15.123359171500628	31.724837041808595	ct1
4	32.75407374252838	31.222676033057397	20.822963459872696	15.200286764541532	ct1
5	32.770991913530935	32.630234095070165	23.189664330820886	11.409109660578014	ct1
6	24.1891524591227	11.915904033024692	43.37799448392709	20.51694902392552	ct1
7	23.07829429449317	34.311905087121666	16.17544919845859	26.43435141992657	ct1
8	28.405899079872682	38.40083555121407	16.617618044374172	16.575647324539077	ct1
9	16.540584273581914	27.780023637171897	38.73044159237165	16.948950496874545	ct1
10	18.173211311950617	30.970417679027474	26.49704535514376	24.35932565387815	ct1
11	40.765186101924556	7.996346533000548	15.038128232828498	36.2003391322464	ct1
12	17.001618397579442	17.561752284451657	32.07335631926997	33.36327299869893	ct1
13	15.621620562597771	16.299115410055194	48.06612362956441	20.01314039778263	ct1
14	29.8569350252552	30.039477808978845	29.25036315389778	10.853224011868178	ct1
15	52.089716285042066	16.314576149924978	18.996105916423495	12.599601648609468	ct1
16	12.544976151153534	14.609732978463603	34.08570683510561	38.75958403527725	ct1
17	32.62761264971557	27.396063140960635	27.94129618055412	12.035028028769673	ct1
18	35.90259721471288	12.346911045438635	31.57815160281377	20.17234013703472	ct1
19	26.79996465219705	25.129342248834746	31.434036549878947	16.636656549089263	ct1
20	60.54844137362018	12.104246152568825	19.303058096437777	8.044254377373226	ct1
21	14.477840735632583	19.46718457140424	38.62659256067663	27.428382132286554	ct1
22	29.51161406946044	9.342883709986493	52.44274411943702	8.702758101116045	ct1
23	18.16149187098008	28.779169899764767	33.55753566214462	19.501802567110534	ct1
24	15.66906634444421	17.491462204325416	44.205542745946985	22.633928705283388	ct1
25	19.63416471759796	17.437449635409504	25.691018560375266	37.23736708661727	ct1
26	17.617549222332105	16.877640924211093	29.566663669873233	35.93814618358356	ct1
27	16.752811255105645	13.801623720437698	29.06686500932883	40.378700015127826	ct1
28	14.346410912614605	22.863815936591546	22.05630233309315	40.7334708177007	ct1
