Base	G	A	T	C	sample
1	5.478592487565204	29.023764547210696	53.57288059619232	11.924762369031782	ct2
2	26.650962438368715	34.373541903225465	20.51299303137469	18.462502627031128	ct2
3	17.33613669928583	25.91384438116613	18.430071764375874	38.319947155172166	ct2
4	27.23565331347378	37.94680783421281	15.180852668934444	19.636686183378963	ct2
5	26.344030807178154	30.39026694701384	30.985949314592236	12.279752931215768	ct2
6	28.550254526518454	15.177712460094778	38.542455470319034	17.729577543067734	ct2
7	19.17645047493594	27.797518740237965	19.44055213209946	33.585478652726636	ct2
8	23.014736954024535	36.90211640771001	19.13787807072735	20.945268567538104	ct2
9	16.829668073386653	36.710891027202614	34.347266169111776	12.11217473029896	ct2
10	27.080848302919936	22.998335375727535	21.72688079737647	28.193935523976055	ct2
11	36.861761879892725	8.008999422169074	20.538627227163673	34.590611470774526	ct2
12	18.94747779670319	15.705689233285117	32.283682664800374	33.06315030521132	ct2
13	20.955243149067073	21.24645537242905	37.4897149920076	20.30858648649628	ct2
14	33.0476728013123	29.31057997178384	24.84580568971983	12.795941537184024	ct2
15	42.870672287289906	22.319362144667398	22.65446642551808	12.155499142524615	ct2
16	17.78920478538793	16.128452493794136	30.176301540093604	35.90604118072434	ct2
17	27.738346195332227	25.14674579698229	33.25184396933902	13.863064038346467	ct2
18	33.99004551366021	17.99592813777847	24.392254806249415	23.621771542311897	ct2
19	29.836352248698372	16.19389984452792	33.430137313444426	20.53961059332928	ct2
20	52.159568408181634	14.38626542387213	23.59502493266855	9.85914123527769	ct2
21	19.590590357834227	22.23616741326356	27.923937698613916	30.249304530288303	ct2
22	32.397295808346975	10.315395754998915	43.75630440596269	13.531004030691419	ct2
23	14.416651801492868	25.06135346576449	36.86376594497633	23.658228787766316	ct2
24	17.291392138471544	18.65314789133575	42.25485231581915	21.800607654373557	ct2
25	21.33507107893229	18.381685322862186	22.87592429415253	37.40731930405299	ct2
26	14.321367739349833	16.34392050060572	25.441536793973786	43.89317496607067	ct2
27	14.288163606811462	15.316878467626344	25.08624059583165	45.30871732973055	ct2
28	12.4802752412241	26.288899811159688	18.651214527769874	42.57961041984634	ct2
