Base	G	A	T	C	sample
1	6.978238116211774	32.46441138721945	49.931204978474916	10.626145518093857	cc6
2	25.372612548439584	36.61112154655389	20.609690900516995	17.406575004489532	cc6
3	16.744298280892387	22.5273238720448	17.72552588598568	43.002851961077134	cc6
4	25.396177908368106	43.59345149575145	14.373626019302232	16.63674457657821	cc6
5	23.932579972848426	29.517416634142517	34.733914981315955	11.816088411693096	cc6
6	27.354888876141676	14.268934021533047	42.75436976450268	15.621807337822602	cc6
7	18.801637942314347	24.435945050499598	20.790803558272962	35.97161344891309	cc6
8	21.337091268331182	42.24197627139614	20.14411874424734	16.276813716025337	cc6
9	16.447104867963922	39.74688109770214	32.820763150884744	10.985250883449192	cc6
10	25.36281980827915	21.70159292234574	21.85268891218765	31.082898357187467	cc6
11	40.6392504036931	8.081210265708226	18.81867797119804	32.46086135940064	cc6
12	17.813859139594868	15.088030020506189	29.01709199028885	38.081018849610096	cc6
13	18.181271137367276	20.79389237992813	43.2424067631327	17.782429719571894	cc6
14	38.24827403393798	27.532390159532937	22.67872632356247	11.540609482966612	cc6
15	42.58733394553528	17.979347279211154	27.99764395387445	11.435674821379111	cc6
16	14.98840590958353	16.065646791645506	28.561074863760766	40.3848724350102	cc6
17	33.44329682005692	21.362066308769823	32.920660950664896	12.27397592050836	cc6
18	39.47841227640351	16.487000163333185	23.262123190733302	20.77246436953	cc6
19	29.50680301307601	14.85315263872396	39.293200057121844	16.346844291078185	cc6
20	56.839069547536745	14.1513542377904	19.955449036741026	9.054127177931829	cc6
21	15.7725630484706	28.50625340478133	26.859007699950034	28.86217584679803	cc6
22	40.42667280565382	10.617129414506355	38.70548444782064	10.250713332019183	cc6
23	13.281712888572644	24.132397357227745	41.40304203703487	21.182847717164737	cc6
24	18.641162772950306	18.133161180675728	42.74225983363618	20.483416212737783	cc6
25	23.099043348672968	17.29008517649321	23.205677850178525	36.4051936246553	cc6
26	13.821268024269816	17.494288732221378	28.108649193053132	40.57579405045567	cc6
27	13.799024226814918	15.556881713675482	29.998743639675858	40.64535041983374	cc6
28	14.2143163134167	25.99294180045287	23.5960098733196	36.196732012810834	cc6
