Base	G	A	T	C	sample
1	6.806147619967475	34.23589522327814	47.878361288675876	11.079595868078515	cc7
2	23.18774684939783	38.27283304447229	20.96141288807025	17.57800721805963	cc7
3	15.596872165654288	21.258813658925526	17.926903644217898	45.21741053120229	cc7
4	24.407885322817318	46.611735773560824	13.968227093315416	15.012151810306444	cc7
5	21.817366381408217	28.15102155674879	37.445945373957194	12.5856666878858	cc7
6	24.545758036464672	15.966778187409284	44.00915866181774	15.478305114308299	cc7
7	19.29243671619091	22.888733479497162	18.738406555042236	39.08042324926969	cc7
8	18.794964957897818	43.5231074570771	20.99316599852355	16.688761586501528	cc7
9	17.220528333915656	40.49931593328308	31.105077424798488	11.175078308002776	cc7
10	26.291058584217975	19.107819246410106	21.74416737998837	32.85695478938355	cc7
11	41.00280903401337	7.622441832110086	18.49471993814237	32.88002919573418	cc7
12	16.766672425084558	14.270170525084392	29.30146317510275	39.66169387472831	cc7
13	18.295451511267757	20.931625814375735	43.416272829221406	17.356649845135106	cc7
14	39.92259757180877	28.04882600984661	21.171872673938825	10.856703744405788	cc7
15	40.96721118880807	17.610390593811058	30.024860677201502	11.397537540179364	cc7
16	14.637650165559144	14.787828222876323	28.431756915517344	42.142764696047195	cc7
17	35.22185369582111	20.05362549805223	32.48899744092946	12.235523365197196	cc7
18	41.331284926280944	15.43461143261885	22.30447412627335	20.929629514826857	cc7
19	28.38061682115562	13.373413216588217	42.65483816680421	15.591131795451957	cc7
20	58.503526185569	14.674508369604853	17.845834201301958	8.976131243524192	cc7
21	17.060655089048772	31.132674418684946	24.012114859139903	27.79455563312638	cc7
22	42.78897406815713	10.525597792196535	36.27593024091107	10.409497898735262	cc7
23	13.255978582292553	23.91495459603941	43.62548406981785	19.203582751850185	cc7
24	19.843173770522878	19.420129152406236	41.28671431397706	19.44998276309383	cc7
25	22.65864895740487	17.794795184352914	21.775864016972772	37.770691841269446	cc7
26	13.456911392751653	18.22764967810608	26.89636761278266	41.4190713163596	cc7
27	14.30704408562622	18.86491530695925	29.446596725390943	37.38144388202358	cc7
28	15.914660681157097	28.896498018826872	19.94113739950986	35.247703900506174	cc7
