Base	G	A	T	C	sample
1	5.405685052829947	32.20366303752819	51.666883625381324	10.723768284260546	cc4
2	24.138367895414117	36.68610190594407	21.02965487266502	18.14587532597679	cc4
3	15.665814912404114	22.48270939637176	17.680097787189126	44.171377904035005	cc4
4	24.939911210087853	43.97846450003354	14.125505164163688	16.95611912571492	cc4
5	24.57714772739123	29.18692720238225	33.88635628900617	12.349568781220343	cc4
6	27.076280265187464	14.562320286006555	41.88577987696257	16.47561957184341	cc4
7	17.510008996957723	25.58916326397112	20.154690315993253	36.746137423077904	cc4
8	21.017507093755125	41.305800809820994	19.433013904992507	18.24367819143137	cc4
9	17.11368940857759	38.90873668361896	33.128436306236324	10.849137601567124	cc4
10	25.043995275885045	20.952274635754666	23.25274465343336	30.750985434926932	cc4
11	40.385473184041345	7.208516108725722	18.582580979729826	33.823429727503104	cc4
12	16.84001120117956	14.388467383082357	29.92844494043122	38.843076475306866	cc4
13	19.099131085229775	21.57378783652049	42.20215298218537	17.12492809606437	cc4
14	38.05970892137843	28.63012205108393	21.69023982403976	11.619929203497874	cc4
15	42.391861861794226	18.86502236629564	27.04812194120741	11.694993830702725	cc4
16	15.355665509671459	16.34595179872716	28.6716188289622	39.62676386263919	cc4
17	32.21589901791902	21.5909327920622	33.90870647638749	12.284461713631293	cc4
18	37.16046140819454	17.617858233341824	24.234271833284247	20.987408525179386	cc4
19	30.29473396897549	14.795295174389524	38.289280567044926	16.62069028959006	cc4
20	58.09378558804929	13.679913049914491	19.79802544354802	8.42827591848819	cc4
21	17.51832162418383	27.2307735346483	25.852837243345256	29.398067597822614	cc4
22	37.90091559592536	11.85823133403828	40.88967106253401	9.351182007502347	cc4
23	13.56185194583808	26.777288143880984	41.44591690574608	18.21494300453485	cc4
24	17.665617609557806	21.115251134885106	44.083604723625164	17.135526531931923	cc4
25	23.192064923354376	20.41727558222692	22.76701595099655	33.623643543422155	cc4
26	14.794878068673029	21.84847977541112	25.383436570383626	37.97320558553221	cc4
27	14.807108620713333	19.511625671240026	27.596720365868734	38.084545342177904	cc4
28	14.57356147189007	34.854991081456035	18.04056285921913	32.53088458743476	cc4
