Base	G	A	T	C	sample
1	4.108632023544139	40.88232827758685	45.98046351684872	9.028576182020291	cc2
2	17.785664623582985	45.85568517054189	23.204075725243296	13.154574480631837	cc2
3	10.80145387868524	17.522714696559063	10.924805958507012	60.751025466248684	cc2
4	17.089338928419387	59.376815023554975	9.431536282412155	14.102309765613485	cc2
5	20.964967561671862	20.486220383045545	42.44817290243697	16.10063915284562	cc2
6	21.552413481193362	16.232110718152637	48.18387057281023	14.03160522784377	cc2
7	17.716905927483065	22.51545399004608	16.204550769011366	43.563089313459486	cc2
8	16.425024615235486	49.97914593266015	21.579836686294676	12.015992765809687	cc2
9	16.949581735578914	45.57316128442857	25.708197260294348	11.76905971969817	cc2
10	23.038081988526447	19.381883903919366	18.78815538629401	38.791878721260176	cc2
11	50.973011581488905	5.6262620508552965	13.789419772969941	29.611306594685864	cc2
12	12.35170915321729	11.676516981452266	28.425048662887654	47.54672520244279	cc2
13	12.686758911519064	22.943781346689153	50.252725471421144	14.116734270370642	cc2
14	47.8150863367655	26.711222352044622	16.718447347101588	8.755243964088283	cc2
15	36.93326488910907	14.867918363660632	39.62454402798687	8.57427271924343	cc2
16	11.287653921436739	14.89005597432902	29.853112704694613	43.96917739953963	cc2
17	41.87176831454408	16.977426336825612	31.452668339773464	9.698137008856843	cc2
18	44.60077767113828	13.100067523162659	21.129515876279417	21.16963892941964	cc2
19	22.887722516584784	12.728939399403824	52.877553234167394	11.505784849843993	cc2
20	69.86133850265324	9.233689068391916	14.795384912908322	6.109587516046526	cc2
21	15.354424690618204	40.46434021872803	22.996142708269883	21.185092382383882	cc2
22	53.19038742730855	8.793091026797537	31.30685813611554	6.709663409778377	cc2
23	12.498979241862516	17.919228969740406	54.76230505921358	14.819486729183499	cc2
24	23.33376957015136	16.761712510375563	39.93341711470578	19.971100804767293	cc2
25	19.501266315994545	14.984800532257056	26.056703020411764	39.45723013133664	cc2
26	14.614374746828956	14.956491183547177	37.17404990702827	33.255084162595594	cc2
27	15.474290971293861	14.811620452225913	38.204895999540014	31.509192576940215	cc2
28	14.66380659000371	22.54407044820412	23.227908327016436	39.56421463477574	cc2
