Base	G	A	T	C	sample
1	5.81887497071913	36.06927675342066	48.71506989220734	9.396778383652876	ct6
2	22.37773757947306	41.20759163703928	20.03830206878392	16.376368714703744	ct6
3	14.314151798621278	21.796780475177627	15.217051402375557	48.67201632382554	ct6
4	23.163107892076603	48.59238320282383	13.064930893601936	15.179578011497629	ct6
5	24.10986792803111	25.545615332977317	37.74902847492386	12.595488264067706	ct6
6	23.92032741384616	14.432706520462899	46.38346383623764	15.263502229453305	ct6
7	17.38483134799129	24.933933362822152	17.91602990054254	39.76520538864401	ct6
8	19.74434553680867	44.273129720104556	19.864144417557405	16.11838032552937	ct6
9	16.370199198790843	42.44875895742855	30.82438928758915	10.35665255619146	ct6
10	24.189858236436265	19.96793724025973	20.870393710378842	34.97181081292516	ct6
11	45.51341930048062	6.653762309904739	16.547531928487437	31.285286461127203	ct6
12	15.381583941590273	13.558945481839718	28.708634796348537	42.350835780221466	ct6
13	16.648192841413817	20.16208899181692	45.919514716577496	17.270203450191772	ct6
14	41.97002423857464	26.28445320736969	21.0041569548663	10.741365599189374	ct6
15	39.710744203734144	16.205191830171252	32.96638744958704	11.117676516507565	ct6
16	14.28003496012344	14.260830348244516	28.948147014835662	42.51098767679638	ct6
17	38.06913630857654	19.491073990502183	31.148815158549937	11.290974542371341	ct6
18	41.325933057400135	14.597099135720182	22.40990342338191	21.66706438349777	ct6
19	26.293666994789987	14.40752634976595	43.72061734460997	15.578189310834093	ct6
20	62.51188971631613	11.511075978102147	18.24220632455181	7.734827981029918	ct6
21	16.260124237018427	33.50154157101272	24.490376714777824	25.747957477191026	ct6
22	43.807896766488916	10.213150535838189	35.52366103638692	10.455291661285973	ct6
23	12.86780138642501	24.23127355900239	45.20778668263276	17.69313837193984	ct6
24	20.120187219229955	20.511648281863724	38.69246419079427	20.67570030811205	ct6
25	21.18440442897973	17.556246750409947	21.629271384225373	39.630077436384944	ct6
26	13.042660446918969	16.635735125690733	29.259147794246733	41.06245663314356	ct6
27	13.646985200620469	19.51414362654701	29.237262747238844	37.601608425593675	ct6
28	12.308782873750621	27.599064294321966	20.034025661019353	40.05812717090806	ct6
