Base	G	A	T	C	sample
1	5.618714488315269	27.456979087186685	56.904090542667575	10.020215881830467	cc3
2	28.071788503125827	33.359158683802804	19.417310506203854	19.15174230686752	cc3
3	16.918577344750215	27.031031455518402	20.280927892271507	35.76946330745987	cc3
4	27.482865250228432	38.808956359087226	15.01331029771359	18.69486809297075	cc3
5	25.78029255184599	33.45718874766707	30.466883231526744	10.295635468960203	cc3
6	29.018647315097052	15.251475303655987	39.61362823690071	16.116249144346252	cc3
7	18.414288187280537	27.93185950380514	19.54970500809967	34.104147300814645	cc3
8	22.521925213195015	39.17087366678907	18.877984549534652	19.429216570481262	cc3
9	14.83203340231348	37.97606539221459	36.47847464971037	10.71342655576155	cc3
10	24.88261755538218	24.116547182012564	21.733536430286545	29.267298832318712	cc3
11	36.343766142989935	7.843225992739032	20.581531369840995	35.231476494430034	cc3
12	17.71302925419241	15.946689041318884	30.96233604034045	35.37794566414826	cc3
13	20.18899038270432	21.272362247283354	38.76551911525492	19.77312825475741	cc3
14	34.3852059494894	28.91695511554733	25.376738759527846	11.321100175435426	cc3
15	43.14157022397838	21.942269334495535	22.93717988704346	11.97898055448263	cc3
16	16.699843103875835	16.759386878100987	30.061483249183297	36.47928676883988	cc3
17	27.14137137936719	25.902364099470244	34.94488196022058	12.01138256094199	cc3
18	35.76943673231654	18.144729217953326	25.299775081224606	20.786058968505525	cc3
19	31.061675725715677	16.91611378153444	33.01012681457309	19.01208367817679	cc3
20	51.16976359888557	16.32422211057609	24.048963400618014	8.457050889920325	cc3
21	17.39544893817671	22.936921481676148	29.89521939777576	29.772410182371377	cc3
22	33.167711880702925	10.218285352736475	47.019521000428014	9.594481766132585	cc3
23	12.63342790710137	25.144435876901277	39.76075714587681	22.461379070120543	cc3
24	15.411816097671407	18.94073457622687	50.94540260121229	14.702046724889437	cc3
25	21.551024185846927	18.795461525193417	25.782811178749775	33.87070311020989	cc3
26	12.984620034642704	20.45488892247242	29.155671289568826	37.40481975331605	cc3
27	12.460052489689526	20.31208155540876	31.433111353127064	35.794754601774656	cc3
28	11.491210815257238	34.48793834158902	21.927361813987588	32.09348902916614	cc3
