Base	G	A	T	C	sample
1	7.391977386475995	30.433593837120842	50.963156377441656	11.21127239896151	ct5
2	22.204107920158194	35.06313102393705	24.622012776172667	18.110748279732086	ct5
3	16.05638204579733	21.500927289672543	16.503017829601312	45.939672834928814	ct5
4	23.29232180430931	44.62362024876081	14.68996708879623	17.394090858133655	ct5
5	22.843126023905324	30.789646138592257	33.23192638111351	13.135301456388904	ct5
6	30.008593755640124	15.03228890165973	38.319909194147094	16.63920814855306	ct5
7	18.92266260130763	23.035623970816374	23.040078176069695	35.0016352518063	ct5
8	20.14706505332719	41.49823663871233	20.77336445192775	17.581333856032728	ct5
9	16.4957609451197	40.99778556529653	30.501648396479297	12.004805093104467	ct5
10	24.93257055181882	20.132599102320995	25.57659142147311	29.358238924387077	ct5
11	37.62772297349667	7.496223119995063	18.82063814458786	36.055415761920415	ct5
12	17.076496684477586	13.28624044235843	28.52572480612288	41.1115380670411	ct5
13	19.165382734056568	24.45336889796015	39.48898142678138	16.892266941201903	ct5
14	39.97922441069085	28.146006134056766	20.299761295943448	11.57500815930894	ct5
15	43.08612595979861	18.774002628215417	26.9823667616577	11.157504650328281	ct5
16	15.408773505130375	19.191211565788212	27.958709647891624	37.44130528118979	ct5
17	31.092259667362132	20.11385602455779	35.47808537826078	13.315798929819298	ct5
18	36.38398406244849	20.718590579384614	21.357663190467466	21.539762167699433	ct5
19	32.092944453710984	14.348870627231175	37.28931564605539	16.268869273002444	ct5
20	58.41375508258202	13.283774433712752	18.960090898729693	9.342379584975538	ct5
21	17.121153985156024	26.30952131651637	24.52471778271211	32.04460691561549	ct5
22	36.08274866259918	10.439638326928259	40.89879269236443	12.57882031810813	ct5
23	14.425478882805365	25.06172200239196	39.323463510495124	21.189335604307544	ct5
24	20.278216848507302	20.746328594975168	36.275415209169694	22.70003934734784	ct5
25	21.274040048047098	18.647025435921805	21.352446574004407	38.72648794202669	ct5
26	15.373914297041122	15.753414783580208	25.891447724078283	42.981223195300394	ct5
27	15.627726830037211	17.443830819723814	24.924985785298905	42.00345656494007	ct5
28	15.260876721347453	26.04158665715697	18.602073846491468	40.095462775004115	ct5
