Base	G	A	T	C	sample
1	4.587028255420829	37.39602681520455	49.637312031758505	8.37963289761611	cc5
2	18.857957187386983	42.752442189299614	24.952732240864915	13.43686838244849	cc5
3	11.285588266618417	18.697297010509345	13.699495500883632	56.3176192219886	cc5
4	18.757298874305043	56.941633508923395	11.33388752643235	12.967180090339209	cc5
5	21.827652187807875	25.707083036224105	39.440378502929214	13.024886273038808	cc5
6	25.191022064001466	14.599084032503956	45.974392062709846	14.235501840784732	cc5
7	16.43488997063946	22.755545325715346	20.605215246105494	40.20434945753969	cc5
8	17.413484546364167	50.30972178541866	19.111294564987745	13.16549910322943	cc5
9	15.203758548182956	46.097047169665004	28.233490434780567	10.465703847371476	cc5
10	21.660660694338564	18.674227141291922	23.60151518984602	36.0635969745235	cc5
11	47.631508875219076	5.757921460981059	14.537787536674607	32.07278212712525	cc5
12	13.904063507571292	11.304127163203187	27.30774474248012	47.4840645867454	cc5
13	13.595958221504853	24.53980885410476	47.21202992936819	14.652202995022199	cc5
14	48.2145792126795	24.61372027019541	17.722903069187883	9.448797447937201	cc5
15	40.309917328434665	14.047060602781446	35.94239196048036	9.700630108303532	cc5
16	11.997817040690267	18.578837181839678	27.33676878748784	42.08657698998222	cc5
17	39.02960204980278	17.20639428153091	33.81270069128319	9.951302977383119	cc5
18	41.89916396229062	17.123680875632374	20.766982170879235	20.210172991197776	cc5
19	27.680319730060198	12.685367833058187	47.29794148741831	12.336370949463298	cc5
20	67.28282276875449	10.564931210818978	15.433952759439212	6.718293260987318	cc5
21	15.10117817242444	36.096005159001244	22.27155699092058	26.53125967765374	cc5
22	45.75738717328731	10.672198813509508	36.27307928123017	7.297334731973011	cc5
23	10.477988977201564	23.714696707477056	51.25528228512214	14.552032030199236	cc5
24	17.81790032755865	22.68648265085975	43.63213801902277	15.863479002558828	cc5
25	21.22222556429747	19.40332498291961	23.22159820902962	36.152851243753304	cc5
26	13.583899867319502	18.979769159416207	27.89460706611716	39.54172390714714	cc5
27	14.455936279754555	20.975190438305304	28.476585004526623	36.092288277413516	cc5
28	13.422325401431612	30.95376281679242	20.717740375314374	34.9061714064616	cc5
