Base	G	A	T	C	sample
1	6.210632101571586	30.497314675919124	53.44076335197791	9.851289870531382	ct7
2	24.896768155861444	35.43692881759502	23.01476649293854	16.651536533605	ct7
3	15.820073371038267	22.990023987774176	16.959697470714673	44.230205170472885	ct7
4	24.92009710186849	45.29680325849515	14.343229307391045	15.43987033224532	ct7
5	24.08112271700303	32.133921027142534	32.24171189230982	11.543244363544613	ct7
6	28.773724365055287	14.166782470656909	41.59196750756003	15.46752565672778	ct7
7	18.548686306129746	24.727376554808203	22.015299233787182	34.70863790527487	ct7
8	20.20171193299425	44.01585300772379	19.477843903966246	16.304591155315716	ct7
9	15.500531655746835	41.51761464334382	32.1798511185176	10.802002582391747	ct7
10	24.598361228317657	20.81363362238903	24.470954497447174	30.11705065184614	ct7
11	39.31014483169398	7.286953053285774	18.239448692576673	35.163453422443574	ct7
12	16.608034845755785	15.175818756552605	28.607413451225515	39.608732946466084	ct7
13	17.244828329396956	23.453950336748672	40.705699334258576	18.595521999595796	ct7
14	39.99303236776468	26.72667846507143	22.55963819549347	10.720650971670423	ct7
15	44.13127827583947	18.00242069477553	26.541274458325876	11.325026571059126	ct7
16	14.749794122102239	19.07201608118999	28.80564307259041	37.37254672411736	ct7
17	31.849165563363695	21.687160621698375	34.71152741962943	11.7521463953085	ct7
18	37.81648759907	19.2072122433538	22.525962826299555	20.450337331276643	ct7
19	32.07919235153768	14.60162571272452	36.930860540602794	16.388321395135012	ct7
20	57.94987764894487	13.715686439496885	19.42085478922239	8.913581122335861	ct7
21	15.475508512457308	27.161367808459946	25.892835185691492	31.47028849339126	ct7
22	37.48209722569242	10.221379087804703	41.80434080169769	10.492182884805176	ct7
23	13.30627437515169	25.676408711806438	40.43834170118007	20.5789752118618	ct7
24	18.10226003374992	19.398556625135246	42.590712875483824	19.90847046563101	ct7
25	22.384233461799887	17.851560747889273	23.26061229207567	36.50359349823516	ct7
26	14.034060645031262	16.92667220108161	27.836827532594665	41.20243962129246	ct7
27	14.855982389235109	17.065079217437138	28.04235264936595	40.0365857439618	ct7
28	13.227216169463748	25.826226821644262	23.70792995660223	37.238627052289765	ct7
