Base	G	A	T	C	sample
1	9.753335015990805	26.904914657021408	47.9693400535856	15.37241027340219	ct3
2	26.769015640454878	30.142366125743898	21.23237168606049	21.85624654774073	ct3
3	19.55592435530086	25.31854670487106	18.12863266475645	36.996896275071634	ct3
4	28.567923906976883	34.16294520894558	14.783635951591837	22.485494932485704	ct3
5	26.16552922362591	31.037857033109002	27.98364736931078	14.812966373954309	ct3
6	30.481591097691513	15.792184371015573	33.89789891761089	19.828325613682026	ct3
7	20.999254498403573	25.58392430133519	20.63741303245334	32.7794081678079	ct3
8	24.413508796955508	34.54197122649864	19.45430969962483	21.590210276921024	ct3
9	18.10453936814923	34.5941660504569	32.39266078124459	14.908633800149286	ct3
10	26.6165521889621	22.815227447659957	22.722470620893187	27.845749742484756	ct3
11	33.833341339621995	9.979985500672345	20.935265305793166	35.25140785391249	ct3
12	20.578990668023703	15.754111216211534	28.406963421447173	35.25993469431759	ct3
13	22.499061701793337	21.789530407187502	33.999453247630235	21.711954643388925	ct3
14	33.84737810032142	27.60854219114134	23.56469809511411	14.97938161342313	ct3
15	41.38554585872013	22.394261273167228	22.123841707445095	14.096351160667552	ct3
16	19.19447998383584	17.260024766952657	28.354603796597093	35.19089145261441	ct3
17	26.45144540401749	23.63278564207196	32.27746887356652	17.638300080344024	ct3
18	32.73838867548847	19.145270803787184	23.80920452768363	24.307135993040717	ct3
19	31.170452208315353	16.80913206999596	30.499142249474986	21.5212734722137	ct3
20	48.751069818329405	15.539959421480901	22.770313733547276	12.938657026642417	ct3
21	19.425130364218575	21.270004164574285	27.500048912785243	31.804816558421894	ct3
22	31.210432691273365	10.823396331528047	42.974838843363564	14.991332133835025	ct3
23	17.150152763025844	23.512741572270553	33.737968960239456	25.599136704464147	ct3
24	21.27552607702508	18.471516902246496	33.24839920460016	27.004557816128255	ct3
25	21.923316714518897	15.951640662358285	21.60654368340452	40.51849893971829	ct3
26	16.862760085389354	15.168895125053913	25.352831661762053	42.61551312779467	ct3
27	15.154709493396169	13.675203075587525	26.334718174489986	44.83536925652632	ct3
28	16.53693522550732	21.821445532918517	22.173209585369193	39.46840965620497	ct3
